premise,conclusion,similarity
home decor,lamb chop,0.2010122686624527
home decor,crown,0.5646734237670898
home decor,throne,0.5987677574157715
home decor,corsage,0.5391696691513062
home decor,harp,0.5418537259101868
home decor,drawer,0.5440376400947571
home decor,nightstand,0.562128484249115
home decor,organ,0.569862425327301
home decor,kitten,0.19942444562911987
home decor,kaleidoscope,0.5730743408203125
home decor,bun,0.19756567478179932
home decor,chest,0.5872905850410461
home decor,dog,0.20118004083633423
home decor,weasel,0.19969409704208374
home decor,pasta,0.200247660279274
home decor,calf,0.201180100440979
home decor,dresser,0.5406966209411621
home decor,jigsaw puzzle,0.5383464694023132
home decor,urn,0.6033202409744263
home decor,noodle,0.20112954080104828
home decor,frog,0.19789989292621613
home decor,gong,0.5276927947998047
home decor,knob,0.5368166565895081
home decor,guinea pig,0.19723714888095856
home decor,basket,0.5466551184654236
home decor,squirrel,0.19773335754871368
home decor,skunk,0.20093505084514618
home decor,iguana,0.20078247785568237
home decor,scorpion,0.19744978845119476
home decor,llama,0.19818015396595
home decor,jukebox,0.5486973524093628
home decor,yak,0.1970934271812439
home decor,piglet,0.20132605731487274
home decor,goblet,0.5741659998893738
home decor,sloth,0.19931448996067047
home decor,music box,0.5807258486747742
home decor,coat rack,0.5485923886299133
home decor,roll,0.19904570281505585
home decor,omelet,0.19765974581241608
home decor,sombrero,0.5608682632446289
home decor,gopher,0.1968805342912674
home decor,teacup,0.5530152916908264
home decor,slug,0.20011939108371735
home decor,loveseat,0.5349961519241333
home decor,dollhouse,0.5386913418769836
insect,whisk,0.10314638167619705
insect,tarantula,0.9004930257797241
insect,gasket,0.10377857834100723
insect,frog,0.8873820304870605
insect,scorpion,0.909623920917511
insect,seahorse,0.8837718963623047
insect,slug,0.8947176933288574
insect,bracket,0.10246933251619339
insect,snake,0.8890345096588135
insect,calculator,0.10345008969306946
insect,polygraph,0.10277871042490005
insect,spider,0.9323298931121826
insect,printer,0.1031331717967987
insect,can,0.10302265733480453
insect,snail,0.885143518447876
insect,teacup,0.10255126655101776
insect,tick,0.9074582457542419
fruit,pistachio,0.8924528360366821
fruit,machine gun,0.08597827702760696
fruit,defibrillator,0.08528924733400345
fruit,potato,0.8733959794044495
fruit,limousine,0.08575435727834702
fruit,poker,0.08611845970153809
fruit,chive,0.8815630674362183
fruit,radish,0.8948476314544678
fruit,sweeper,0.086484894156456
fruit,polygraph,0.08611331880092621
fruit,curling iron,0.08805619180202484
fruit,bomb,0.08582628518342972
fruit,cauliflower,0.8874537348747253
fruit,penlight,0.08697884529829025
fruit,cornucopia,0.8983542919158936
fruit,duct,0.08661089092493057
fruit,fountain pen,0.08739566802978516
fruit,jalapeno,0.8878999352455139
fruit,seaplane,0.08538411557674408
fruit,broccoli,0.8731243014335632
fruit,bus,0.0859687477350235
fruit,pepper,0.8973178267478943
fruit,olive,0.8817734718322754
fruit,minivan,0.08594902604818344
fruit,bell pepper,0.8978107571601868
fruit,corn,0.8732768297195435
fruit,gourd,0.9002644419670105
fruit,pea,0.899829089641571
fruit,hovercraft,0.08717218041419983
fruit,golf cart,0.08544192463159561
fruit,brussels sprouts,0.8841922879219055
fruit,salad,0.8749983310699463
fruit,iron,0.08761962503194809
fruit,squash,0.8787679672241211
plant,clasp,0.08282593637704849
plant,brass knuckles,0.08371462672948837
plant,pesto,0.8345052003860474
plant,star fruit,0.8649296760559082
plant,iceskate,0.08319570869207382
plant,robot,0.08269624412059784
plant,bin,0.08237558603286743
plant,chisel,0.08249771595001221
plant,pea,0.8764992952346802
plant,grasshopper,0.8477981686592102
plant,grape,0.8808388113975525
plant,lime,0.8593494892120361
plant,cello,0.08278549462556839
plant,staple,0.08284986764192581
plant,sofa bed,0.08246377855539322
plant,fan,0.08318813145160675
plant,papaya,0.8664770126342773
plant,pear,0.8874991536140442
plant,clipper,0.8959349393844604
plant,tuba,0.08277322351932526
plant,copier,0.08279053121805191
plant,celery,0.898038387298584
plant,headlight,0.08235633373260498
plant,pineapple,0.8998346924781799
plant,green beans,0.8976017236709595
plant,train,0.08247911185026169
plant,ring,0.08366695791482925
plant,okra,0.8955278992652893
plant,ukulele,0.08345751464366913
plant,switch,0.08343646675348282
plant,rhubarb,0.8655785322189331
plant,smoke alarm,0.08276118338108063
plant,locker,0.08286864310503006
plant,inkwell,0.0829055905342102
plant,printer,0.08371918648481369
plant,salad,0.8328742384910583
plant,television,0.08242650330066681
plant,jalapeno,0.9031283855438232
plant,bean,0.8264929056167603
plant,magnifier,0.08258195221424103
plant,scallion,0.8902343511581421
plant,wreath,0.8439528346061707
plant,blackberry,0.8469600081443787
plant,cucumber,0.8635848164558411
plant,zucchini,0.8674958944320679
plant,wheat,0.8453372120857239
plant,gourd,0.8265848755836487
animal,checkers,0.11954646557569504
animal,fishbowl,0.7469164133071899
animal,lettuce,0.40832456946372986
animal,airbag,0.12096109241247177
animal,clover,0.4423063099384308
animal,nail polish,0.12117181718349457
animal,pineapple,0.4727775454521179
animal,crystal ball,0.12406148761510849
animal,grape,0.39690929651260376
animal,saxophone,0.12472711503505707
animal,playing card,0.12571029365062714
animal,license plate,0.12372158467769623
animal,mulberry,0.43518802523612976
animal,weed,0.45424699783325195
animal,mold,0.11721474677324295
animal,chest,0.4488711953163147
animal,whiteboard,0.12177960574626923
animal,envelope,0.12163673341274261
animal,rack,0.12599022686481476
animal,funnel,0.12357941269874573
animal,boa,0.3925805985927582
animal,sledgehammer,0.12028522789478302
animal,weather vane,0.5674088597297668
animal,poppy,0.47226211428642273
animal,letter opener,0.11692476272583008
animal,orchid,0.3954249620437622
animal,steak,0.41980475187301636
animal,teddy bear,0.5122460126876831
animal,pen,0.12336508184671402
animal,ottoman,0.12264370918273926
animal,tumbleweed,0.4918692111968994
animal,sausage,0.491450697183609
animal,wine bottle,0.12000889331102371
animal,piggy bank,0.5043683052062988
animal,steering wheel,0.12168411910533905
animal,hoe,0.4641692042350769
animal,glasses,0.12233191728591919
animal,ring,0.11968139559030533
animal,blowgun,0.4444747269153595
animal,frame,0.12594114243984222
animal,razor,0.1238919124007225
animal,headlight,0.11894521862268448
animal,blackberry,0.42870157957077026
animal,lamb chop,0.4345037341117859
animal,doghouse,0.3952611982822418
animal,box,0.1179744303226471
animal,knife,0.12414657324552536
animal,highchair,0.11900686472654343
animal,lamp,0.1195414811372757
animal,aloe,0.46956467628479004
animal,meat,0.46482378244400024
animal,pinball,0.1237422302365303
animal,daisy,0.5482521653175354
animal,poinsettia,0.44340088963508606
animal,rocking horse,0.5732043385505676
animal,gondola,0.39821603894233704
animal,sweet potato,0.4038395881652832
animal,basil,0.4715820848941803
animal,chessboard,0.1220691129565239
animal,makeup,0.12496363371610641
animal,projector,0.12378557026386261
animal,fern,0.541377067565918
animal,sifter,0.11668872833251953
animal,clipper,0.39433544874191284
animal,cactus,0.5565615296363831
animal,crate,0.11958058178424835
animal,van,0.12256715446710587
animal,plunger,0.12365315854549408
animal,blender,0.1253664791584015
animal,guitar,0.1259402483701706
animal,pear,0.41142216324806213
animal,slot machine,0.120613232254982
animal,wheat,0.46007031202316284
animal,coconut,0.38580647110939026
animal,papaya,0.4188416302204132
animal,bolt,0.125453919172287
animal,terrarium,0.40554794669151306
animal,flower,0.5111958384513855
animal,stove,0.12340255826711655
animal,kale,0.403571754693985
animal,nail clippers,0.11736834049224854
animal,chariot,0.42140519618988037
animal,throne,0.12043710798025131
animal,bus,0.12127520889043808
animal,birdhouse,0.4336976706981659
animal,incubator,0.48520010709762573
animal,grass,0.523835301399231
animal,tuba,0.11947929114103317
animal,peanut,0.3873736262321472
animal,rhubarb,0.42861875891685486
animal,tambourine,0.12593074142932892
animal,razor blade,0.12153469026088715
animal,duct,0.11746132373809814
animal,fur coat,0.4219697415828705
animal,seaweed,0.5636898875236511
animal,odometer,0.116683229804039
animal,firetruck,0.1250307857990265
animal,computer screen,0.12147292494773865
animal,music box,0.12000282108783722
animal,mushroom,0.5225746631622314
animal,shopping basket,0.11697332561016083
animal,valve,0.11685584485530853
animal,videogame,0.11956500262022018
animal,cilantro,0.4061921238899231
animal,headdress,0.42392075061798096
animal,organ,0.12247701734304428
animal,saw,0.11808110773563385
animal,apple tree,0.4868258237838745
animal,harp,0.11812301725149155
animal,peach,0.39196690917015076
animal,crutch,0.12532804906368256
animal,electric chair,0.11883535981178284
animal,sushi,0.42817866802215576
animal,grain,0.39422327280044556
animal,moss,0.5674336552619934
animal,pocket watch,0.12407781928777695
animal,marijuana,0.4606216847896576
animal,bush,0.4307654798030853
animal,bookshelf,0.12600280344486237
animal,grapevine,0.5664210915565491
animal,mint,0.4366178810596466
animal,knob,0.11959175020456314
animal,tulip,0.5121502876281738
animal,tree,0.533950924873352
animal,pinecone,0.4793146550655365
animal,coop,0.41074466705322266
animal,abacus,0.11815507709980011
animal,mango,0.39598366618156433
animal,ivy,0.48092612624168396
animal,file,0.12134997546672821
animal,watch,0.12172036617994308
animal,cage,0.3994528353214264
animal,broccoli,0.4239194691181183
animal,bamboo,0.38452544808387756
animal,bin,0.11756045371294022
animal,toilet paper,0.11899809539318085
animal,raft,0.4991450905799866
animal,unicycle,0.11774256825447083
animal,glass,0.11722414195537567
animal,apron,0.12138538062572479
animal,jar,0.11854489147663116
animal,pumpkin,0.4149680733680725
animal,palm tree,0.45088979601860046
animal,spinach,0.435840904712677
animal,lavender,0.43910354375839233
animal,needle,0.12226127833127975
animal,seatbelt,0.11764181405305862
animal,cabbage,0.44131356477737427
animal,aquarium,0.585046648979187
animal,pocketknife,0.11955862492322922
animal,lampshade,0.11694535613059998
animal,lawnmower,0.38341501355171204
animal,lanyard,0.12235388904809952
animal,lip balm,0.12338639795780182
animal,bok choy,0.4037483036518097
animal,bullet,0.1250537484884262
animal,strap,0.1248817965388298
animal,trunk,0.11982742697000504
animal,pine tree,0.48802587389945984
animal,dandelion,0.49685877561569214
animal,egg,0.40380072593688965
animal,toothbrush,0.11936100572347641
animal,cufflink,0.12373602390289307
animal,scrabble,0.12295134365558624
animal,rose,0.45986443758010864
animal,artichoke,0.4574534595012665
animal,bonsai,0.45654726028442383
animal,dice,0.12319788336753845
animal,muff,0.4424094259738922
animal,hedge,0.46118882298469543
animal,sunflower,0.5267462134361267
animal,kiwi,0.38319921493530273
animal,piano,0.118960902094841
animal,harmonica,0.12290928512811661
animal,gourd,0.4118203818798065
animal,sofa bed,0.1189706102013588
animal,pencil,0.12333744019269943
toiletry,faucet,0.6391735076904297
toiletry,glue,0.6350806951522827
toiletry,needle,0.6230850219726562
toiletry,plunger,0.6511233448982239
toiletry,hawk,0.13564978539943695
toiletry,camel,0.13534289598464966
toiletry,scalpel,0.6337325572967529
toiletry,barrette,0.6185539364814758
toiletry,eyedropper,0.6287310719490051
toiletry,paintbrush,0.6611924171447754
toiletry,brush,0.67943274974823
toiletry,worm,0.13647685945034027
toiletry,cobra,0.1349138766527176
toiletry,marker,0.6600266098976135
toiletry,walrus,0.13664959371089935
toiletry,pin,0.6417058706283569
toiletry,maggot,0.13826076686382294
toiletry,alpaca,0.1368427723646164
toiletry,goat,0.13412103056907654
toiletry,scissors,0.6435968279838562
toiletry,hairpin,0.6729871034622192
toiletry,seal,0.13463111221790314
toiletry,eraser,0.6240881085395813
toiletry,ink,0.6225398778915405
toiletry,leopard,0.13580189645290375
toiletry,badger,0.13653704524040222
toiletry,cow,0.13839368522167206
toiletry,cardinal,0.13819120824337006
toiletry,beaver,0.13504460453987122
toiletry,reindeer,0.13655026257038116
toiletry,letter opener,0.6160513162612915
food,pinecone,0.4648829400539398
food,fork,0.4461057186126709
food,pheasant,0.3465547561645508
food,daisy,0.4564240574836731
food,spatula,0.46467870473861694
food,pantyhose,0.15938052535057068
food,ladle,0.4335292875766754
food,butterfly,0.3415023386478424
food,duckling,0.3386695981025696
food,jug,0.3881409764289856
food,thermometer,0.1359165608882904
food,goldfish,0.39041048288345337
food,urn,0.15980583429336548
food,fur coat,0.15266555547714233
food,moccasin,0.14876112341880798
food,calf,0.3566981256008148
food,blender,0.5590407252311707
food,rolling pin,0.48068660497665405
food,lighter,0.14200341701507568
food,footbath,0.3403080105781555
food,saltshaker,0.6118472814559937
food,cornucopia,0.767159640789032
food,turntable,0.13534356653690338
food,burner,0.4467678368091583
food,basket,0.34852516651153564
food,water bottle,0.424256294965744
food,guitar,0.1435936838388443
food,scalpel,0.1421840786933899
food,smoothie,0.7286425828933716
food,poinsettia,0.46039125323295593
food,wok,0.49313998222351074
food,toothpick,0.43532130122184753
food,wine,0.6462088227272034
food,folder,0.138458713889122
food,fern,0.43552130460739136
food,dresser,0.1429295390844345
food,aloe,0.5250586271286011
food,juicer,0.7127715945243835
food,measuring cup,0.43404242396354675
food,coffee pot,0.4121025502681732
food,slot machine,0.14457322657108307
food,lab coat,0.14588288962841034
food,cape,0.14057514071464539
food,kazoo,0.15204975008964539
food,polisher,0.1504991054534912
food,barrette,0.15765048563480377
food,can,0.4170687794685364
food,rope,0.16013222932815552
food,mailbox,0.13588371872901917
food,tupperware,0.45142918825149536
food,overalls,0.15507572889328003
food,swimsuit,0.15746921300888062
food,peg,0.41796132922172546
food,valve,0.139949768781662
food,fly,0.3398946225643158
food,air mattress,0.15338245034217834
food,dynamite,0.14324434101581573
food,bassinet,0.15841230750083923
food,centrifuge,0.1332045942544937
food,roof rack,0.1385868638753891
food,pan,0.4931243658065796
food,flower,0.45620477199554443
food,sarcophagus,0.14297164976596832
food,strainer,0.4882051646709442
food,desk,0.14071501791477203
food,canoe,0.1409783810377121
food,cooker,0.4839557409286499
food,kettle,0.3902469873428345
food,hot chocolate,0.7206842303276062
food,boat,0.14343515038490295
food,pocket watch,0.13831207156181335
food,snail,0.42115646600723267
food,kayak,0.14023417234420776
food,wagon,0.14563822746276855
food,t-shirt,0.1407548487186432
food,gondola,0.13538886606693268
food,sofa bed,0.14809158444404602
food,speedboat,0.1435593217611313
food,rack,0.14684471487998962
food,lamp,0.16009661555290222
food,bowl,0.49236810207366943
food,velcro,0.14054691791534424
food,taxi,0.13648702204227448
food,cannonball,0.5501909255981445
food,pitcher,0.40680259466171265
food,eggnog,0.7156231999397278
food,caterpillar,0.3728012442588806
food,rooster,0.46074146032333374
food,weed,0.4701879918575287
food,shaving cream,0.3762134611606598
food,bonsai,0.4185786545276642
food,doghouse,0.14947113394737244
food,teapot,0.45735329389572144
food,sweatsuit,0.15284417569637299
food,stilt,0.1431826502084732
food,throne,0.13457052409648895
food,rose,0.47726213932037354
food,bee,0.39601054787635803
food,coral,0.42290011048316956
food,sea urchin,0.43945053219795227
food,coffee,0.6582335829734802
food,magnifying glass,0.14471398293972015
food,slipper,0.15336130559444427
food,tuba,0.13386784493923187
food,bottle,0.35562780499458313
food,dumpster,0.13861973583698273
food,tie,0.13566836714744568
food,wasp,0.34342291951179504
food,notepad,0.13860173523426056
food,soda,0.7187057733535767
food,pot,0.5325691103935242
food,bookshelf,0.15454253554344177
food,purse,0.1437986046075821
food,blower,0.1316288709640503
food,toothpaste,0.4465765058994293
food,underwear,0.15735949575901031
food,lampshade,0.1417693942785263
food,wallet,0.13229450583457947
food,ladybug,0.38173866271972656
food,starfish,0.4193382263183594
food,wine bottle,0.43281427025794983
food,mandolin,0.1355878859758377
food,gear,0.1327071636915207
food,vial,0.1379009187221527
food,rollerskate,0.1364927887916565
food,orchid,0.40656837821006775
food,duffel bag,0.13126015663146973
food,incubator,0.47754162549972534
food,mold,0.4504011273384094
food,juice,0.7027043700218201
food,combination lock,0.13482147455215454
food,gourd,0.7685146331787109
food,bush,0.3531742990016937
food,radio,0.13740013539791107
food,pepper mill,0.47346407175064087
food,birdcage,0.149236798286438
food,stove,0.3850512206554413
food,cloak,0.13847793638706207
food,plaster cast,0.137352854013443
food,sling,0.14681828022003174
food,sunflower,0.5274811387062073
food,sled,0.1527189165353775
food,corsage,0.35574713349342346
food,stockings,0.15951226651668549
food,hood,0.14550352096557617
food,sifter,0.4229786694049835
food,chick,0.392324835062027
food,clothespin,0.15211665630340576
food,music box,0.15633796155452728
food,ring,0.15143264830112457
food,bin,0.13890913128852844
food,cd player,0.1587219536304474
food,insole,0.1409057080745697
food,potpourri,0.4849007725715637
food,cup,0.4344559609889984
food,squirt gun,0.15872856974601746
food,poster,0.13325166702270508
food,grasshopper,0.3440544307231903
food,grass,0.43860289454460144
food,recliner,0.14731574058532715
food,gyroscope,0.13250677287578583
food,clothes,0.1540454626083374
food,peeler,0.3728971779346466
food,clipper,0.3795344829559326
food,shawl,0.1482888162136078
food,grater,0.4210330843925476
food,coil,0.14708226919174194
food,hairdryer,0.1337215155363083
food,dress,0.1439434140920639
food,waffle iron,0.4039963185787201
food,cactus,0.3781091272830963
food,slug,0.36294230818748474
food,canister,0.41104164719581604
food,cocktail,0.6209893226623535
food,speedometer,0.13740794360637665
food,first-aid kit,0.14796960353851318
food,teacup,0.5059524178504944
food,hamster,0.35975226759910583
food,skewer,0.3765166103839874
food,jar,0.4262228012084961
food,nightstand,0.13811832666397095
food,wine cooler,0.48816972970962524
food,hairbrush,0.13355866074562073
food,bell,0.13123758137226105
food,grapevine,0.4075440764427185
food,knife,0.5280503630638123
food,beanbag,0.3581562638282776
food,ballot box,0.14764635264873505
food,marijuana,0.5451162457466125
food,honeypot,0.5712931752204895
food,hopscotch,0.15768173336982727
food,punch,0.7378415465354919
food,lemonade,0.7232925891876221
food,projector,0.13197940587997437
food,blowfish,0.361323744058609
food,bottle opener,0.14569897949695587
food,headscarf,0.1584177315235138
food,mirror,0.13928669691085815
food,fishbowl,0.353460431098938
food,dollhouse,0.13212603330612183
food,toaster oven,0.35325369238853455
food,wineglass,0.5946784019470215
food,pine tree,0.3407774865627289
food,sweater,0.1416167914867401
food,cardigan,0.14055712521076202
food,toaster,0.34233877062797546
food,lavender,0.40491923689842224
food,cockroach,0.33813270926475525
food,life jacket,0.15406420826911926
food,espresso,0.6915584802627563
food,recorder,0.1595657914876938
food,rocking chair,0.1375553160905838
food,cot,0.15601804852485657
food,drawer,0.141024649143219
food,wedge,0.15965671837329865
food,ship,0.13912126421928406
food,sandpaper,0.15263119339942932
food,stroller,0.14249862730503082
food,milk,0.6744723916053772
food,jukebox,0.13892589509487152
food,chime,0.13246050477027893
food,bolo tie,0.1316850185394287
food,ink,0.13611793518066406
food,rocking horse,0.14121104776859283
food,jellyfish,0.35708940029144287
food,coffeemaker,0.45116135478019714
food,book,0.14750319719314575
food,figurine,0.13915401697158813
food,ivy,0.4208761751651764
food,glove,0.1456875056028366
food,leggings,0.1573825627565384
food,food processor,0.46266257762908936
food,paper,0.14203116297721863
food,pocket,0.13424940407276154
food,beer,0.6620128154754639
food,weather vane,0.13377809524536133
food,terrarium,0.4388276934623718
food,spoon,0.41378045082092285
food,cable,0.1415216028690338
food,pillbox,0.44457417726516724
food,jetski,0.14192138612270355
food,helmet,0.13276010751724243
food,maggot,0.516842246055603
food,snowshoe,0.14836281538009644
food,barnacle,0.467166930437088
food,eggbeater,0.3567180633544922
food,sock,0.1595621407032013
food,whisk,0.45308682322502136
food,hairpin,0.15305589139461517
food,dandelion,0.38138294219970703
food,belt buckle,0.13633936643600464
food,tweezers,0.1329614818096161
food,razor,0.14110752940177917
food,breadbox,0.6240193247795105
food,vending machine,0.5140848159790039
food,locket,0.1340753734111786
food,margarita,0.7181540131568909
food,coaster,0.37468451261520386
food,tea,0.6764296293258667
food,inkwell,0.14191119372844696
food,glass,0.4103560447692871
food,moss,0.38529840111732483
food,cow,0.4374994933605194
food,mop,0.14569860696792603
food,latte,0.7458768486976624
food,notebook,0.13333465158939362
food,cart,0.15764331817626953
food,bamboo,0.4531230032444
food,pin,0.15773090720176697
food,soap,0.34025952219963074
food,oven,0.3892799913883209
food,dart,0.15546417236328125
food,microwave,0.35858041048049927
food,clover,0.502124011516571
food,milkshake,0.6976336240768433
food,handle,0.13628676533699036
food,mug,0.48721230030059814
food,arrow,0.1448451578617096
food,piglet,0.44518718123435974
food,kite,0.14364178478717804
food,shirt,0.1369955986738205
food,mixer,0.4812242090702057
food,tulip,0.5113340020179749
food,crate,0.13415038585662842
food,icepick,0.3864460289478302
food,wreath,0.4055306613445282
food,cleaver,0.3789575397968292
food,apple tree,0.6344170570373535
food,champagne,0.6064857244491577
food,french horn,0.15281033515930176
food,pocketknife,0.14665503799915314
vehicle,pineapple,0.10863111168146133
vehicle,rice,0.1095425933599472
vehicle,taillight,0.8118395209312439
vehicle,banana split,0.10826992243528366
vehicle,mango,0.10763250291347504
vehicle,coffee bean,0.10837804526090622
vehicle,windshield wiper,0.7269871234893799
vehicle,pizza,0.10853210836648941
vehicle,bumper,0.6824766993522644
vehicle,ginger,0.10914187878370285
vehicle,airbag,0.7890936136245728
vehicle,pie,0.1075136587023735
vehicle,horn,0.6584287881851196
vehicle,headlight,0.82142174243927
vehicle,bow,0.7029824256896973
vehicle,pomegranate,0.10749876499176025
vehicle,creme brulee,0.1074303686618805
vehicle,meatloaf,0.10762336850166321
vehicle,potato,0.10901054739952087
vehicle,windshield,0.8056432008743286
vehicle,pretzel,0.1075834259390831
vehicle,missile,0.6921135187149048
vehicle,onion,0.10916407406330109
vehicle,arugula,0.10953963547945023
vehicle,sunroof,0.7638518214225769
vehicle,stuffing,0.11040206253528595
vehicle,gearshift,0.7433546185493469
vehicle,wheel,0.7139370441436768
vehicle,rim,0.7345001101493835
vehicle,grille,0.7531328797340393
vehicle,green beans,0.10791315138339996
vehicle,cantaloupe,0.11026155203580856
vehicle,pepperoni,0.10955891758203506
vehicle,steak,0.10841164737939835
vehicle,bomb,0.7406927347183228
vehicle,license plate,0.6975409984588623
vehicle,chive,0.10988757014274597
vehicle,mulberry,0.10829821228981018
vehicle,torpedo,0.67995685338974
vehicle,tank,0.8550868034362793
vehicle,generator,0.7202725410461426
vehicle,hotdog,0.10709011554718018
vehicle,berry,0.1098056435585022
vehicle,jalapeno,0.10773428529500961
vehicle,dashboard,0.7938064932823181
vehicle,cheesecake,0.10751017183065414
vehicle,steering wheel,0.8150076866149902
vehicle,flan,0.11055005341768265
vehicle,spam,0.10821004956960678
vehicle,polisher,0.6733449697494507
vehicle,spinach,0.11055229604244232
vehicle,roof rack,0.7952257990837097
vehicle,train set,0.7226387858390808
vehicle,car door,0.8110726475715637
vehicle,cannon,0.7345365881919861
vehicle,cookie,0.1092737689614296
vehicle,rollerblade,0.7444963455200195
vehicle,car seat,0.7731162905693054
vehicle,peanut,0.10853968560695648
vehicle,engine,0.7816380858421326
vehicle,chocolate,0.10771621763706207
vehicle,cranberry,0.10756149888038635
vehicle,wheelbarrow,0.6588274240493774
vehicle,hubcap,0.7405964732170105
vehicle,stretcher,0.7494668960571289
vehicle,raspberry,0.10901863873004913
vehicle,ski boots,0.687389075756073
vehicle,handbrake,0.7587203979492188
vehicle,orange,0.10794106125831604
vehicle,exhaust pipe,0.6667497158050537
mammal,earring,0.1036086156964302
mammal,goose,0.906740665435791
mammal,wasp,0.8252884745597839
mammal,blender,0.10347656160593033
mammal,doorknob,0.10065198689699173
mammal,ratchet,0.10096177458763123
mammal,turkey,0.8734948039054871
mammal,cardinal,0.8922966718673706
mammal,noisemaker,0.10372111201286316
mammal,hummingbird,0.8604171872138977
mammal,duck,0.8881366848945618
mammal,bee,0.8327203989028931
mammal,pigeon,0.8868805170059204
mammal,bottle,0.10342922806739807
mammal,vulture,0.9051483273506165
mammal,stereo,0.10020892322063446
mammal,amplifier,0.1026080846786499
mammal,handbrake,0.10132354497909546
mammal,scanner,0.1005072072148323
mammal,puffin,0.8985838294029236
mammal,jukebox,0.10218603909015656
mammal,mosquito,0.8124656081199646
mammal,chicken,0.9090802669525146
mammal,freezer,0.10121623426675797
mammal,icepick,0.10197412222623825
mammal,ostrich,0.9022321105003357
mammal,penguin,0.8685643672943115
mammal,frog,0.8770067095756531
mammal,scorpion,0.8190639019012451
mammal,cabinet,0.10148873180150986
mammal,wrench,0.10248339921236038
mammal,rattlesnake,0.8663158416748047
mammal,trombone,0.10044503211975098
mammal,smoke alarm,0.10414478182792664
mammal,chisel,0.10195479542016983
mammal,owl,0.8906667232513428
mammal,sewing machine,0.10050011426210403
mammal,toucan,0.8498879075050354
mammal,octopus,0.8155781030654907
mammal,hawk,0.8854265213012695
mammal,cellphone,0.1048641949892044
mammal,lizard,0.8474465012550354
mammal,tarantula,0.8606001734733582
mammal,bank,0.10143039375543594
mammal,fountain pen,0.10167764127254486
mammal,catfish,0.841060221195221
mammal,hammer,0.10464443266391754
mammal,seagull,0.882609486579895
mammal,laptop,0.10400360822677612
mammal,dresser,0.10485929995775223
mammal,funnel,0.10076005011796951
mammal,eagle,0.8669512271881104
mammal,shopping cart,0.10283058136701584
mammal,pliers,0.10510510206222534
mammal,flamingo,0.8766832947731018
mammal,cobra,0.8812094926834106
mammal,clasp,0.10221950709819794
mammal,crab,0.8456445932388306
mammal,mirror,0.10242605954408646
mammal,pheasant,0.8910636305809021
mammal,zipper,0.10380268096923828
mammal,modem,0.10138649493455887
mammal,doorhandle,0.10218280553817749
mammal,stethoscope,0.10114986449480057
mammal,wire cutters,0.10316850244998932
mammal,snake,0.8453762531280518
mammal,icemaker,0.10189536213874817
mammal,toad,0.8833079934120178
mammal,parrot,0.8591217398643494
mammal,praying mantis,0.8143507838249207
mammal,chick,0.9162643551826477
mammal,crow,0.8865979313850403
mammal,pocketknife,0.10423527657985687
mammal,wire,0.10398127883672714
mammal,nail file,0.10486490279436111
mammal,calculator,0.10458224266767502
mammal,swan,0.872631311416626
mammal,rooster,0.9018135070800781
mammal,toothbrush,0.10184997320175171
mammal,light switch,0.10382497310638428
mammal,cockatoo,0.8775456547737122
mammal,polygraph,0.10100409388542175
mammal,iguana,0.8883481025695801
mammal,wheelchair,0.10296168923377991
mammal,duckling,0.9063790440559387
mammal,alligator,0.8849713802337646
mammal,turtle,0.9077475666999817
mammal,pelican,0.887364387512207
outerwear,pants,0.8824496865272522
outerwear,turtleneck,0.8859089016914368
outerwear,cake mix,0.13425126671791077
outerwear,sweater,0.8904892206192017
outerwear,robe,0.8884857296943665
outerwear,cordon bleu,0.13415205478668213
outerwear,nacho,0.134064182639122
outerwear,blouse,0.8881000280380249
outerwear,cantaloupe,0.13489075005054474
outerwear,dumpling,0.1345696747303009
outerwear,ready meal,0.13463124632835388
outerwear,jeans,0.8908054828643799
outerwear,watermelon,0.13428623974323273
outerwear,bun,0.13310779631137848
outerwear,hoodie,0.8986571431159973
outerwear,vest,0.9048261046409607
tool,antelope,0.10260801762342453
tool,thermos,0.6721349954605103
tool,beet,0.09672805666923523
tool,dumpster,0.681761622428894
tool,rifle,0.6877080202102661
tool,baton,0.7408122420310974
tool,bell,0.7053295969963074
tool,ant,0.09693198651075363
tool,parsley,0.10469122976064682
tool,oilcan,0.709036648273468
tool,berry,0.10448627918958664
tool,chime,0.6923055648803711
tool,calzone,0.103187695145607
tool,bat,0.6698136329650879
tool,stingray,0.09595935046672821
tool,orange,0.10352394729852676
tool,crate,0.8013895153999329
tool,smoothie,0.10120679438114166
tool,bulldozer,0.753486692905426
tool,engine,0.7245497703552246
tool,horn,0.7417415976524353
tool,cane,0.7099937200546265
tool,brass knuckles,0.7657904028892517
tool,shelf,0.724394679069519
tool,toolbox,0.8885524272918701
tool,hash,0.09797602146863937
tool,defibrillator,0.6722888350486755
tool,generator,0.7850428819656372
tool,thumbtack,0.725494384765625
tool,brake,0.8226140737533569
tool,dagger,0.82078617811203
tool,alligator,0.10402604937553406
tool,peacock,0.10317070782184601
tool,jellyfish,0.09793351590633392
tool,hotdog,0.10218425840139389
tool,omelet,0.0971539095044136
tool,applesauce,0.09944887459278107
tool,crutch,0.6843245029449463
tool,eyedropper,0.7946327328681946
tool,eagle,0.10264583677053452
tool,sorbet,0.09621840715408325
tool,baseball bat,0.7246049642562866
tool,handbrake,0.6867738366127014
tool,steering wheel,0.6866263747215271
tool,crossbow,0.6902676820755005
tool,roadsweeper,0.7161824107170105
tool,bookshelf,0.7549343705177307
tool,eclair,0.10199800878763199
tool,water heater,0.7383584380149841
tool,spaghetti,0.0996270701289177
tool,keg,0.7936258316040039
tool,buckle,0.8203223943710327
tool,life jacket,0.7012043595314026
tool,baklava,0.10085641592741013
tool,hatchet,0.8158445358276367
tool,basil,0.10050231963396072
tool,rice,0.10445936024188995
tool,radish,0.09844762831926346
tool,stapler,0.7721666097640991
tool,slug,0.09768252819776535
tool,chipmunk,0.10392844676971436
tool,gravy,0.10266534984111786
tool,spear,0.811525285243988
tool,slicer,0.7395347952842712
tool,gasket,0.7893344163894653
tool,caterpillar,0.09590651839971542
tool,stove,0.693710207939148
tool,razor blade,0.7432242631912231
tool,bucket,0.6783852577209473
tool,bullet,0.7070005536079407
tool,cymbal,0.6894540786743164
tool,pelican,0.09958869963884354
tool,iguana,0.0977388322353363
tool,boomerang,0.692592442035675
tool,windshield wiper,0.7229869365692139
tool,sword,0.8203224539756775
tool,bikini,0.10353835672140121
tool,zipper,0.7491283416748047
tool,trashcan,0.7456841468811035
tool,hummus,0.10128554701805115
tool,revolver,0.7162145376205444
tool,quiche,0.10201504081487656
tool,raspberry,0.09679794311523438
tool,banana split,0.0964602380990982
tool,clothespin,0.8068053126335144
tool,lightning bug,0.10203126072883606
tool,forklift,0.8545237183570862
tool,calamari,0.1048833578824997
tool,workbench,0.9560678601264954
tool,dandelion,0.10506335645914078
tool,jam,0.09621841460466385
tool,catapult,0.7159717679023743
tool,crepe,0.10536501556634903
tool,sushi,0.10434617102146149
tool,paperclip,0.7829121947288513
tool,safety pin,0.8766286373138428
tool,burrito,0.0981578677892685
tool,elephant,0.10415732860565186
tool,abacus,0.7042680978775024
tool,cheesecake,0.1030925065279007
tool,mustard,0.1041213721036911
tool,machete,0.7102947235107422
tool,ketchup,0.09784876555204391
tool,brussels sprouts,0.10138904303312302
tool,roof rack,0.6796036958694458
tool,shopping cart,0.6832656264305115
tool,lizard,0.09779039025306702
tool,inkwell,0.7296252250671387
tool,barrel,0.7191866636276245
tool,fishbowl,0.09780477732419968
tool,staple,0.7833834290504456
tool,whisk,0.6997240781784058
tool,rack,0.7165495753288269
tool,chili,0.10286697000265121
tool,coconut,0.10054059326648712
tool,whale,0.09999938309192657
tool,jump rope,0.749963104724884
tool,margarita,0.09842991083860397
tool,papaya,0.09750574082136154
tool,chicken,0.10098759084939957
tool,tadpole,0.10403129458427429
tool,gyroscope,0.7347570061683655
tool,pedal,0.8709462881088257
tool,pogo stick,0.7681641578674316
tool,hubcap,0.768007218837738
tool,pie,0.10413447767496109
tool,pasta,0.10538186132907867
tool,rim,0.6885531544685364
tool,donut,0.1027226597070694
tool,patty,0.10163647681474686
tool,cannon,0.6740327477455139
tool,leopard,0.10032955557107925
tool,toucan,0.10509447008371353
tool,bison,0.09622538834810257
tool,turtle,0.09772323817014694
tool,star fruit,0.10338910669088364
tool,kangaroo,0.10136931389570236
tool,sprouts,0.09820464253425598
tool,dumpling,0.09628736972808838
tool,giraffe,0.10071337968111038
tool,pastry,0.0987650528550148
tool,ice cream,0.10248345881700516
women's clothing,coleslaw,0.15199652314186096
women's clothing,outfit,0.915024995803833
women's clothing,suit,0.8889687657356262
women's clothing,robe,0.9082819223403931
women's clothing,cranberry,0.15096284449100494
women's clothing,grain,0.15106146037578583
women's clothing,turtleneck,0.9002376198768616
women's clothing,vest,0.8895260691642761
women's clothing,grape,0.1517477184534073
women's clothing,jalapeno,0.15068593621253967
women's clothing,pajamas,0.898125171661377
women's clothing,tortilla,0.15097655355930328
women's clothing,patty,0.1506544053554535
women's clothing,bolo tie,0.8999540209770203
women's clothing,tuxedo,0.8937483429908752
women's clothing,brussels sprouts,0.15195533633232117
women's clothing,quiche,0.15149955451488495
women's clothing,jeans,0.8878710865974426
women's clothing,undershirt,0.8895729184150696
electronic device,crayfish,0.11611925065517426
electronic device,cockatoo,0.1159534901380539
electronic device,combination lock,0.6754851341247559
electronic device,gear,0.6505729556083679
electronic device,porcupine,0.1218065619468689
electronic device,anteater,0.11822942644357681
electronic device,turtle,0.11994979530572891
electronic device,odometer,0.6126417517662048
electronic device,papaya,0.11805936694145203
electronic device,stove,0.727827250957489
electronic device,deer,0.11918113380670547
electronic device,gearshift,0.7138242125511169
electronic device,crow,0.12100335210561752
electronic device,water filter,0.6673513054847717
electronic device,scallion,0.11958768218755722
electronic device,filing cabinet,0.708034873008728
electronic device,lamb,0.11783812195062637
electronic device,harmonica,0.6354730725288391
electronic device,gourd,0.11868393421173096
electronic device,steering wheel,0.6214871406555176
electronic device,swan,0.12068724632263184
electronic device,charger,0.7572615146636963
electronic device,whale,0.12077417224645615
electronic device,toolbox,0.6147158741950989
electronic device,coffee table,0.6248762607574463
electronic device,doorknob,0.6297794580459595
electronic device,videogame,0.733681321144104
electronic device,lightbulb,0.6789435744285583
electronic device,handbrake,0.6151852607727051
electronic device,inkwell,0.6442238092422485
electronic device,yak,0.11507254838943481
electronic device,watch,0.6218839883804321
electronic device,pineapple,0.11591682583093643
electronic device,kettle,0.6265242099761963
electronic device,fish,0.11758973449468613
electronic device,cabbage,0.12170581519603729
electronic device,keyboard,0.661091685295105
electronic device,valve,0.6136069297790527
electronic device,cord,0.7067894339561462
electronic device,dashboard,0.6558027863502502
electronic device,artichoke,0.12174069136381149
electronic device,fern,0.12046689540147781
electronic device,green beans,0.12062766402959824
electronic device,blowfish,0.11842271685600281
electronic device,pelican,0.11945722252130508
electronic device,engine,0.6532485485076904
electronic device,ostrich,0.11875060945749283
electronic device,kitten,0.11863963305950165
electronic device,button,0.6457197070121765
electronic device,penguin,0.11963522434234619
electronic device,switch,0.6960378885269165
electronic device,rattlesnake,0.11468879878520966
electronic device,lock,0.6221203207969666
electronic device,roof rack,0.626811146736145
electronic device,spinach,0.11500447243452072
electronic device,calculator,0.7343364357948303
electronic device,star fruit,0.11770316958427429
electronic device,goldfish,0.11612019687891006
electronic device,magnifier,0.6736957430839539
electronic device,oven,0.7473544478416443
electronic device,accordion,0.681089460849762
electronic device,hawk,0.11802679300308228
electronic device,cilantro,0.11882519721984863
electronic device,dragonfly,0.12020444124937057
electronic device,cobra,0.12062622606754303
electronic device,moss,0.11709530651569366
electronic device,timer,0.7131024599075317
electronic device,light switch,0.6799436807632446
electronic device,tick,0.11950178444385529
electronic device,cymbal,0.640531063079834
electronic device,piano,0.6698833107948303
electronic device,cockroach,0.11685075610876083
electronic device,speedometer,0.6496779918670654
electronic device,pear,0.11731915175914764
school supply,scrabble,0.6910372376441956
school supply,goat,0.11438468098640442
school supply,alpaca,0.11392372101545334
school supply,paintbrush,0.7171794772148132
school supply,clipboard,0.733610212802887
school supply,playing card,0.6751602292060852
school supply,stew,0.11361934244632721
school supply,album,0.6569707989692688
school supply,guacamole,0.11477618664503098
school supply,llama,0.11438979208469391
school supply,file,0.7604418396949768
school supply,mint,0.11463750153779984
school supply,staple,0.6541637182235718
school supply,wolf,0.11375988274812698
school supply,ticktacktoe,0.6602519750595093
school supply,hash,0.11487826704978943
school supply,printer,0.6902162432670593
school supply,tostada,0.11453734338283539
school supply,stir fry,0.11416279524564743
school supply,tablet,0.6536639928817749
school supply,rack,0.7201915979385376
school supply,guinea pig,0.11399809271097183
school supply,chinchilla,0.11519905924797058
school supply,envelope,0.710623562335968
school supply,eyeliner,0.7381284236907959
school supply,pizza,0.11382672935724258
candy,kneepad,0.08912370353937149
candy,cranberry,0.8525623679161072
candy,raspberry,0.8626016974449158
candy,webcam,0.0887790396809578
candy,latch,0.08892375230789185
candy,whip,0.08814255893230438
candy,nut,0.8524168729782104
candy,washing machine,0.08851605653762817
candy,bulldozer,0.08804550766944885
candy,pepperoni,0.8488271832466125
candy,easter egg,0.8716193437576294
candy,berry,0.86346834897995
candy,clarinet,0.08908776938915253
candy,popcorn,0.8705394268035889
candy,banana split,0.8604283928871155
weapon,granola,0.12453921884298325
weapon,jam,0.12657217681407928
weapon,papaya,0.12652190029621124
weapon,letter opener,0.7380901575088501
weapon,cauliflower,0.12566035985946655
weapon,file,0.7692767977714539
weapon,sledgehammer,0.7439989447593689
weapon,ham,0.1257704645395279
weapon,berry,0.12613464891910553
weapon,mallet,0.7130645513534546
weapon,screw,0.752455472946167
weapon,pug,0.12518876791000366
weapon,chickpea,0.1262793093919754
weapon,hummus,0.1258591264486313
weapon,cheesecake,0.12532015144824982
weapon,chisel,0.791109561920166
weapon,mulberry,0.1271016150712967
weapon,poker,0.7312383055686951
weapon,guacamole,0.12504558265209198
weapon,corkscrew,0.7133063673973083
weapon,saw,0.7586721181869507
weapon,mustard,0.12735168635845184
weapon,wire cutters,0.7297524809837341
weapon,parfait,0.12722504138946533
weapon,wrench,0.7335771322250366
weapon,nutcracker,0.7148454189300537
weapon,jackhammer,0.7313705682754517
weapon,watermelon,0.12612177431583405
weapon,tortellini,0.12497986853122711
weapon,shears,0.7033138275146484
weapon,pliers,0.7185845375061035
weapon,chihuahua,0.1261615753173828
weapon,metal detector,0.7173022627830505
weapon,meatball,0.12468397617340088
weapon,cane,0.733058512210846
weapon,trowel,0.7197717428207397
weapon,screwdriver,0.7481892108917236
weapon,lemon,0.12791122496128082
weapon,fruitcake,0.12641559541225433
weapon,sickle,0.7706454396247864
weapon,nail,0.7599685192108154
weapon,hatchet,0.7558900713920593
weapon,nut,0.1261090338230133
weapon,anvil,0.7047708630561829
weapon,ratchet,0.7312031984329224
weapon,star fruit,0.1259482353925705
weapon,sauerkraut,0.1265995353460312
weapon,shortbread,0.12533792853355408
furniture,bathtub,0.6953672766685486
furniture,cougar,0.12050839513540268
furniture,artichoke,0.11971251666545868
furniture,curtain,0.6850543022155762
furniture,toucan,0.11745002120733261
furniture,bok choy,0.11996284872293472
furniture,drawer,0.8232165575027466
furniture,sled,0.7086752653121948
furniture,meat,0.11986981332302094
furniture,star fruit,0.11899864673614502
furniture,bison,0.11982014030218124
furniture,piano,0.6851325035095215
furniture,crate,0.6843545436859131
furniture,corn,0.11875312030315399
furniture,briefcase,0.6753423810005188
furniture,bracket,0.6968576908111572
furniture,wheelchair,0.6909038424491882
furniture,screen,0.6653562784194946
furniture,aardvark,0.1179431676864624
furniture,dollhouse,0.69581538438797
furniture,earwig,0.11728812754154205
furniture,wallpaper,0.7064366936683655
furniture,papaya,0.11905926465988159
furniture,snake,0.11895456910133362
furniture,moose,0.12048159539699554
furniture,pillow,0.6758783459663391
furniture,rug,0.7053539752960205
furniture,gazelle,0.11986157298088074
furniture,air conditioner,0.6747719049453735
furniture,trunk,0.6628029942512512
furniture,blackberry,0.11939866095781326
furniture,sawhorse,0.6868102550506592
furniture,car seat,0.6674432754516602
furniture,spinach,0.11826813966035843
furniture,octopus,0.11973968148231506
furniture,shark,0.1176319494843483
toy,guacamole,0.1341119259595871
toy,stroller,0.765957772731781
toy,board game,0.8277738094329834
toy,dice,0.7254742980003357
toy,highlighter,0.7570218443870544
toy,pasta,0.13721239566802979
toy,snowsuit,0.7670772075653076
toy,artichoke,0.13498318195343018
toy,glue,0.7268736362457275
toy,crepe,0.13534826040267944
toy,playing card,0.7720721364021301
toy,parsley,0.13668197393417358
toy,noodle,0.1357196718454361
toy,xylophone,0.7967183589935303
toy,lunchbox,0.738957405090332
toy,scrabble,0.7220754027366638
toy,stamp,0.8141261339187622
toy,jigsaw puzzle,0.7884886264801025
toy,french fries,0.13496361672878265
toy,clam,0.13566038012504578
toy,hopscotch,0.8042401671409607
toy,toast,0.1354113221168518
toy,marker,0.8053158521652222
toy,pickle,0.13702501356601715
toy,costume,0.8509552478790283
toy,chili,0.13513708114624023
toy,eggplant,0.13679543137550354
toy,ginger,0.13538198173046112
toy,curry,0.13639883697032928
toy,tostada,0.13620640337467194
toy,crayfish,0.13409215211868286
toy,tricycle,0.8392296433448792
toy,makeup,0.7149330973625183
container,eggnog,0.11680389195680618
container,catfish,0.1175956130027771
container,station wagon,0.7126718163490295
container,basil,0.11365588754415512
container,golf cart,0.6840307116508484
container,quad,0.7164187431335449
container,mango,0.11419328302145004
container,wagon,0.7282963991165161
container,dandelion,0.11406289041042328
container,hearse,0.7097506523132324
container,pizza,0.11561330407857895
container,ravioli,0.1160597875714302
container,garlic,0.11546734720468521
container,coffee,0.11561474949121475
container,taillight,0.7571617364883423
container,pie,0.11417360603809357
container,humvee,0.7883650064468384
container,hot chocolate,0.115790456533432
container,polar bear,0.11491677165031433
container,van,0.8184893727302551
container,flyswatter,0.7006511092185974
container,pretzel,0.10946138948202133
container,ambulance,0.8232406377792358
container,owl,0.11331972479820251
container,helicopter,0.6832585334777832
container,bulldozer,0.7587559819221497
container,subway,0.7946956753730774
container,bookshelf,0.7040245532989502
container,tugboat,0.6960123777389526
container,mustard,0.10844699293375015
container,generator,0.7346883416175842
container,buggy,0.7280420660972595
container,puffin,0.11641644686460495
container,raccoon,0.11250200122594833
container,pancake,0.1160062775015831
container,crayfish,0.11233430355787277
container,meerkat,0.11163554340600967
container,car,0.7064345479011536
container,snowplow,0.7396198511123657
container,cotton candy,0.1163661777973175
container,fig,0.11090300232172012
container,octopus,0.11706271767616272
container,speedboat,0.6828036904335022
container,skunk,0.10940759629011154
container,chicken,0.11219708621501923
container,wheel,0.6760265827178955
container,roadsweeper,0.8099835515022278
container,cockatoo,0.11769958585500717
container,green beans,0.11628647893667221
container,forklift,0.8029989004135132
container,minivan,0.6779246926307678
container,bus,0.7736828923225403
container,police car,0.6916513442993164
container,panther,0.11268104612827301
container,seatbelt,0.6754011511802673
container,applesauce,0.11314436793327332
container,ship,0.7053608298301697
container,taxi,0.7336007356643677
container,enchilada,0.11550495028495789
container,ferry,0.6775137186050415
container,truck,0.8649730682373047
container,pastry,0.11310163140296936
container,kitten,0.1130887046456337
container,calzone,0.11003872007131577
container,shortbread,0.10991301387548447
container,pita,0.11107518523931503
container,snowmobile,0.6762295961380005
container,bear,0.11119244992733002
container,milkshake,0.116611048579216
container,apple,0.11623184382915497
container,grille,0.8166052103042603
container,caterpillar,0.11332221329212189
container,car door,0.7125155925750732
container,trolley,0.8458722233772278
container,jeep,0.7534456849098206
container,grasshopper,0.11799775063991547
container,ram,0.11580396443605423
container,roof rack,0.7963016629219055
container,biscuit,0.11195182800292969
container,peanut,0.11342868208885193
container,shelf,0.7440103888511658
container,firetruck,0.8364665508270264
container,aircraft carrier,0.7046644687652588
container,windshield,0.7093904614448547
container,panda,0.11236713081598282
container,camper,0.7745279669761658
container,garbage truck,0.8331795334815979
container,scallion,0.11535850167274475
container,steamroller,0.7120050191879272
container,tractor,0.7012487053871155
container,duct,0.6961612701416016
container,sandwich,0.11681118607521057
container,school bus,0.7611202597618103
container,granola,0.11562568694353104
container,life jacket,0.7540686726570129
container,train,0.8042141199111938
container,jalapeno,0.10876764357089996
container,limousine,0.693544864654541
container,motorcycle,0.7220661044120789
container,oyster,0.11678291112184525
container,penguin,0.1104079931974411
container,carriage,0.7241194248199463
container,mushroom,0.11012522876262665
container,airboat,0.6878543496131897
container,dough,0.11369051784276962
seafood,lampshade,0.08538056910037994
seafood,lamb chop,0.8570921421051025
seafood,screw,0.08469205349683762
seafood,hammer,0.08515564352273941
seafood,screwdriver,0.08456913381814957
seafood,croissant,0.8448809385299683
seafood,dumpling,0.8632197380065918
seafood,curry,0.8415095806121826
seafood,hash,0.8492318987846375
seafood,casserole,0.8465214967727661
seafood,air pump,0.08463990688323975
seafood,rickshaw,0.0854741558432579
seafood,appetizer,0.8521768450737
seafood,airbag,0.08499395102262497
seafood,dryer,0.08483268320560455
seafood,buggy,0.08505858480930328
seafood,quesadilla,0.8432407975196838
seafood,sushi,0.887545108795166
seafood,scooter,0.08453827351331711
seafood,gyro,0.8599050045013428
seafood,meatball,0.8420185446739197
seafood,crutch,0.08541210740804672
seafood,iron,0.0856696143746376
seafood,ham,0.8530966639518738
kitchen tool,parrot,0.09878150373697281
kitchen tool,mixer,0.7587112784385681
kitchen tool,crow,0.09842689335346222
kitchen tool,donkey,0.09918837249279022
kitchen tool,polar bear,0.09816676378250122
kitchen tool,fork,0.8041112422943115
kitchen tool,scraper,0.7756884694099426
kitchen tool,wok,0.7331609725952148
kitchen tool,pan,0.7541565895080566
kitchen tool,pot,0.7630184292793274
kitchen tool,beaver,0.09957960247993469
kitchen tool,food processor,0.769192636013031
kitchen tool,cooker,0.7325771450996399
kitchen tool,ratchet,0.7326128482818604
kitchen tool,coffee pot,0.7377720475196838
kitchen tool,hammer,0.7637831568717957
kitchen tool,chisel,0.7345429062843323
kitchen tool,tweezers,0.7327483296394348
kitchen tool,poodle,0.09884089231491089
kitchen tool,trowel,0.7597857117652893
kitchen tool,yak,0.09806083887815475
kitchen tool,ant,0.0991043746471405
kitchen tool,duck,0.09811250865459442
kitchen tool,alpaca,0.10086506605148315
kitchen tool,alligator,0.09812223166227341
kitchen tool,chipmunk,0.09774163365364075
kitchen tool,rattlesnake,0.09803969413042068
musical instrument,sword,0.6770017147064209
musical instrument,tape recorder,0.7000594139099121
musical instrument,jukebox,0.8043149709701538
musical instrument,raisin,0.10856005549430847
musical instrument,jalapeno,0.10920197516679764
musical instrument,microphone,0.8571032881736755
musical instrument,stereo,0.7594463229179382
musical instrument,taco,0.10930255800485611
musical instrument,squash,0.1105911061167717
musical instrument,cd player,0.7135571837425232
musical instrument,squirrel,0.10840762406587601
musical instrument,baton,0.703715980052948
musical instrument,sausage,0.1089753657579422
musical instrument,wind chimes,0.7522618770599365
musical instrument,music box,0.7073002457618713
musical instrument,amplifier,0.8248410820960999
musical instrument,sauerkraut,0.10914654284715652
musical instrument,boomerang,0.6884772777557373
musical instrument,cornbread,0.10870371758937836
musical instrument,raspberry,0.10812050849199295
musical instrument,catfish,0.10883792489767075
musical instrument,camera,0.6809777617454529
musical instrument,pecan,0.10880038142204285
musical instrument,ant,0.11020956188440323
musical instrument,lion,0.10843545943498611
musical instrument,gavel,0.6914167404174805
musical instrument,gyro,0.1103721559047699
musical instrument,monkey,0.11097203940153122
musical instrument,candlestick,0.7042562961578369
musical instrument,aardvark,0.10855939239263535
musical instrument,record player,0.8191543221473694
musical instrument,radio,0.6829264163970947
musical instrument,turntable,0.7434742450714111
clothing,coconut,0.15805451571941376
clothing,sling,0.7974178791046143
clothing,plaster cast,0.7536451816558838
clothing,raspberry,0.15427406132221222
clothing,locket,0.5938684344291687
clothing,oyster,0.15257495641708374
clothing,peanut butter,0.1595602035522461
clothing,barrette,0.707887589931488
clothing,stuffing,0.1542988121509552
clothing,chips,0.16011855006217957
clothing,cornucopia,0.15326514840126038
clothing,necklace,0.7404231429100037
clothing,anklet,0.7323407530784607
clothing,gauze,0.618008553981781
clothing,blackberry,0.15653783082962036
clothing,hairnet,0.6958621144294739
clothing,wig,0.7502021193504333
clothing,iceskate,0.7012622356414795
clothing,rollerblade,0.6411746144294739
clothing,tortellini,0.1574927568435669
clothing,parfait,0.15787912905216217
clothing,pita,0.15624532103538513
clothing,wrap,0.15609335899353027
clothing,popcorn,0.16036109626293182
clothing,bassinet,0.5943894386291504
clothing,mustard,0.1564205437898636
clothing,quesadilla,0.155025914311409
clothing,puppet,0.6375696063041687
clothing,spareribs,0.15376755595207214
clothing,raisin,0.15452174842357635
clothing,souffle,0.15323475003242493
clothing,brace,0.7205914258956909
clothing,doll,0.7037046551704407
clothing,tomato sauce,0.15830421447753906
clothing,pillow,0.6567555665969849
clothing,toast,0.15899041295051575
clothing,plum,0.15364524722099304
clothing,calf,0.6526739597320557
clothing,stroller,0.591691255569458
clothing,zipper,0.6123917102813721
clothing,tomato,0.15675847232341766
clothing,kale,0.1622479408979416
clothing,scarecrow,0.5886165499687195
clothing,walnut,0.15641239285469055
clothing,handkerchief,0.6865910291671753
clothing,bok choy,0.15613903105258942
clothing,apple tree,0.1609596312046051
clothing,luggage,0.6166074275970459
clothing,soup,0.15978525578975677
clothing,closet,0.6751038432121277
clothing,saffron,0.1604539155960083
clothing,leek,0.1578565537929535
clothing,hairpin,0.6525012254714966
clothing,kneepad,0.7806909680366516
clothing,brooch,0.7553755044937134
clothing,butter,0.15511585772037506
clothing,pistachio,0.15482434630393982
clothing,biscuit,0.16272708773612976
clothing,backpack,0.7539429068565369
clothing,bed,0.5985293984413147
clothing,beet,0.1561468541622162
clothing,pancake,0.16004778444766998
clothing,apple,0.15968379378318787
clothing,peanut,0.16355830430984497
clothing,garlic,0.1621434986591339
clothing,tent,0.609304666519165
clothing,clove,0.15817910432815552
clothing,walker,0.6865349411964417
clothing,chocolate,0.16331934928894043
clothing,strap,0.6622611880302429
clothing,mascara,0.685691237449646
clothing,seatbelt,0.5943872928619385
clothing,cherry,0.1561119109392166
clothing,artichoke,0.16073253750801086
clothing,chest,0.6924442052841187
clothing,button,0.6388222575187683
clothing,belt buckle,0.6437243223190308
clothing,rollerskate,0.6450783014297485
clothing,french fries,0.15500475466251373
clothing,flan,0.16363537311553955
clothing,enchilada,0.160309299826622
clothing,stilt,0.6310260891914368
clothing,footrest,0.7018021941184998
clothing,duffel bag,0.6352875828742981
clothing,pumpkin,0.16218605637550354
clothing,insole,0.7315737009048462
clothing,hula hoop,0.6966499090194702
clothing,purse,0.6683340668678284
clothing,washcloth,0.6499552130699158
clothing,shower cap,0.6037431359291077
clothing,watch,0.6025528311729431
clothing,roll,0.1611103117465973
clothing,face mask,0.6710561513900757
clothing,hummus,0.1539643406867981
clothing,sorbet,0.15434688329696655
clothing,slug,0.16047978401184082
clothing,hairspray,0.6458755731582642
clothing,avocado,0.158866748213768
clothing,pocket,0.8342728614807129
clothing,peach,0.1539352536201477
clothing,melon,0.16037151217460632
clothing,hood,0.8246482610702515
clothing,tapestry,0.8203166127204895
clothing,bag,0.6566887497901917
clothing,glasses,0.5942736268043518
clothing,pepper,0.15530844032764435
clothing,brush,0.621117889881134
breakfast,cordon bleu,0.8803937435150146
breakfast,burrito,0.8817046284675598
breakfast,strap,0.10857529938220978
breakfast,gyro,0.8848035931587219
breakfast,scooter,0.10969962924718857
breakfast,aircraft carrier,0.10784287005662918
breakfast,whip,0.10673779249191284
breakfast,casserole,0.8959382176399231
breakfast,ravioli,0.8907232880592346
breakfast,cord,0.10952715575695038
breakfast,cheeseburger,0.8748965859413147
breakfast,egg roll,0.8827961087226868
breakfast,potpie,0.8795053362846375
breakfast,quiche,0.8767907023429871
breakfast,dumpling,0.8758622407913208
breakfast,baklava,0.8809993863105774
breakfast,tortilla,0.8836253881454468
breakfast,robot,0.1100669801235199
breakfast,workbench,0.11006084829568863
breakfast,face mask,0.1064373329281807
breakfast,anvil,0.10745663195848465
breakfast,staple,0.1080508828163147
breakfast,gyroscope,0.10724622011184692
breakfast,enchilada,0.892305850982666
breakfast,defibrillator,0.10931616276502609
breakfast,quad,0.10922755300998688
breakfast,safety pin,0.10932842642068863
breakfast,dip,0.8753105401992798
breakfast,buckle,0.10619455575942993
breakfast,stuffing,0.8825104832649231
breakfast,stew,0.8817844390869141
breakfast,quesadilla,0.8855670094490051
breakfast,helicopter,0.10962197184562683
breakfast,buffet,0.8746885657310486
breakfast,generator,0.10981059074401855
headwear,papaya,0.156342014670372
headwear,cabbage,0.15632307529449463
headwear,barrette,0.7940495610237122
headwear,face mask,0.7976488471031189
headwear,star fruit,0.15604348480701447
headwear,pizza,0.15676170587539673
headwear,visor,0.8116456270217896
headwear,bow,0.8006321787834167
headwear,oyster,0.15648627281188965
headwear,cauliflower,0.15764564275741577
headwear,tapestry,0.8051523566246033
headwear,fur coat,0.7947378754615784
headwear,lettuce,0.15709954500198364
headwear,watermelon,0.15601986646652222
headwear,corset,0.8116169571876526
headwear,bowtie,0.8147578835487366
headwear,shawl,0.8072525262832642
headwear,bolo tie,0.7933666110038757
headwear,salad,0.15598882734775543
medical equipment,floss,0.6782105565071106
medical equipment,insole,0.622783362865448
medical equipment,nail clippers,0.6078510880470276
medical equipment,rabbit,0.12074457854032516
medical equipment,curling iron,0.6341105699539185
medical equipment,brass knuckles,0.6098757386207581
medical equipment,cornucopia,0.12069760262966156
medical equipment,needle,0.6049802303314209
medical equipment,hot-water bottle,0.637424111366272
medical equipment,hash,0.12098194658756256
medical equipment,skunk,0.11872792989015579
medical equipment,glasses,0.6031101942062378
medical equipment,radish,0.12043797969818115
medical equipment,nail file,0.6419859528541565
medical equipment,scissors,0.599169909954071
medical equipment,hedgehog,0.11867727339267731
medical equipment,watermelon,0.11989706009626389
medical equipment,scallop,0.11934240907430649
medical equipment,kneepad,0.6321768164634705
medical equipment,sandwich,0.1189717948436737
medical equipment,grapefruit,0.11974778771400452
medical equipment,guacamole,0.11943615227937698
medical equipment,clipper,0.6196339130401611
medical equipment,maggot,0.12015890330076218
medical equipment,toothbrush,0.6562689542770386
medical equipment,cranberry,0.11871112883090973
accessory,rhinoceros,0.14288857579231262
accessory,cake mix,0.14441652595996857
accessory,spareribs,0.14387895166873932
accessory,banana,0.1440279334783554
accessory,pocket,0.7621514797210693
accessory,sock,0.7773585915565491
accessory,cardigan,0.7707789540290833
accessory,corset,0.7968900203704834
accessory,necklace,0.7737740874290466
accessory,blazer,0.7796556949615479
accessory,broccoli,0.14537273347377777
accessory,ketchup,0.14288754761219025
accessory,veil,0.770014762878418
accessory,pasta,0.14313669502735138
accessory,tuxedo,0.7726092338562012
accessory,sweater,0.7942582964897156
accessory,blouse,0.7701975703239441
accessory,dress,0.7900840640068054
accessory,lobster,0.14488978683948517
accessory,meatloaf,0.1458006501197815
accessory,hedgehog,0.14478586614131927
accessory,lettuce,0.14290933310985565
accessory,pants,0.7774187326431274
accessory,fur coat,0.7634072303771973
accessory,tapestry,0.7888246774673462
accessory,lamb chop,0.1433744877576828
accessory,spinach,0.14570468664169312
accessory,bear,0.1451014280319214
accessory,arugula,0.14444202184677124
accessory,headscarf,0.7669649124145508
accessory,brownie,0.1445133239030838
accessory,vest,0.7650377154350281
accessory,slug,0.14340358972549438
accessory,coat,0.795508623123169
accessory,pantsuit,0.7755076885223389
accessory,tostada,0.14492829144001007
accessory,underwear,0.7755149006843567
condiment,parfait,0.8084992170333862
condiment,tortilla,0.8178974390029907
condiment,enchilada,0.8132860064506531
condiment,biscuit,0.8077649474143982
condiment,computer screen,0.12036772072315216
condiment,ladder,0.11966276168823242
condiment,suitcase,0.11883343756198883
condiment,wheelchair,0.12026132643222809
condiment,souffle,0.8060832023620605
condiment,latte,0.8069314956665039
condiment,copier,0.11883923411369324
condiment,jeans,0.11965274810791016
condiment,router,0.11879457533359528
condiment,ravioli,0.8062578439712524
condiment,crepe,0.8218557238578796
vegetable,fountain pen,0.097789466381073
vegetable,patty,0.8444820642471313
vegetable,pear,0.8529093861579895
vegetable,firetruck,0.09631431102752686
vegetable,cantaloupe,0.8658026456832886
vegetable,crossbow,0.0963970497250557
vegetable,webcam,0.09773217886686325
vegetable,enchilada,0.8450963497161865
vegetable,raspberry,0.8460193872451782
vegetable,kiwi,0.8676961064338684
vegetable,pogo stick,0.09574317187070847
vegetable,blackberry,0.8462069630622864
vegetable,guacamole,0.8688028454780579
vegetable,sweeper,0.09777428209781647
vegetable,berry,0.8467801809310913
vegetable,footrest,0.0961589589715004
vegetable,papaya,0.8779425024986267
vegetable,shoe,0.09593258798122406
vegetable,cornucopia,0.8476543426513672
vegetable,machine gun,0.0969017818570137
vegetable,needle,0.09632877260446548
vegetable,rickshaw,0.09782319515943527
vegetable,missile,0.09552992135286331
vegetable,sandal,0.09714442491531372
vegetable,hummus,0.8470446467399597
vegetable,revolver,0.09615808725357056
vegetable,bulldozer,0.09590274840593338
vegetable,wrap,0.8571573495864868
vegetable,stereo,0.09686336666345596
vegetable,gondola,0.09651295095682144
vegetable,pistachio,0.8510459661483765
vegetable,ratchet,0.09677483141422272
vegetable,quiche,0.8598102331161499
vegetable,melon,0.8456204533576965
vegetable,carriage,0.09688044339418411
vegetable,salad,0.8822112083435059
vegetable,trolley,0.09580133855342865
vegetable,stir fry,0.8585735559463501
vegetable,pomegranate,0.8561003804206848
vegetable,fig,0.8468351364135742
vegetable,computer screen,0.09737711399793625
vegetable,lime,0.8466150164604187
livestock,alpaca,0.9329832792282104
livestock,warthog,0.9271902441978455
livestock,ratchet,0.09456591308116913
livestock,light switch,0.09528709948062897
livestock,yak,0.9252145290374756
livestock,vacuum,0.0945623442530632
livestock,zipper,0.0940074548125267
livestock,rat,0.9306801557540894
livestock,mongoose,0.9274970293045044
livestock,amplifier,0.09451675415039062
livestock,antelope,0.9291406273841858
livestock,boar,0.9305440783500671
livestock,chipmunk,0.9271957278251648
livestock,paperclip,0.09451567381620407
livestock,pony,0.9389814734458923
livestock,lightbulb,0.09492437541484833
livestock,bracket,0.09530790150165558
livestock,washing machine,0.094552181661129
jewelry,urn,0.823066234588623
jewelry,nail polish,0.8702285885810852
jewelry,cornbread,0.09464587271213531
jewelry,coyote,0.09505786001682281
jewelry,chandelier,0.8177183270454407
jewelry,blazer,0.832823634147644
jewelry,donkey,0.09482203423976898
jewelry,perfume,0.8593587279319763
jewelry,sombrero,0.8000479936599731
jewelry,makeup,0.8800022602081299
jewelry,panda,0.09673082083463669
jewelry,toast,0.09682970494031906
jewelry,corsage,0.8398870825767517
jewelry,mongoose,0.09581808745861053
jewelry,beaver,0.09722235053777695
kitchen equipment,coffee pot,0.8166045546531677
kitchen equipment,dryer,0.8212453722953796
kitchen equipment,centrifuge,0.7849143147468567
kitchen equipment,dragonfly,0.08478888124227524
kitchen equipment,pug,0.08390113711357117
kitchen equipment,anteater,0.08485234528779984
kitchen equipment,butterfly,0.08561229705810547
kitchen equipment,donkey,0.08497340977191925
kitchen equipment,hawk,0.0846191868185997
kitchen equipment,crow,0.08505211770534515
kitchen equipment,strainer,0.7858549952507019
kitchen equipment,kettle,0.8356481790542603
kitchen equipment,pan,0.7946323156356812
kitchen equipment,wasp,0.08563993871212006
kitchen equipment,chipmunk,0.08494707196950912
kitchen equipment,pot,0.8632414937019348
kitchen equipment,wok,0.8106032013893127
kitchen equipment,puppy,0.08505554497241974
kitchen equipment,canister,0.7927141189575195
kitchen equipment,measuring cup,0.8168275952339172
footwear,leggings,0.8210204243659973
footwear,sprouts,0.11103703081607819
footwear,jeans,0.8107028603553772
footwear,plaster cast,0.8697690963745117
footwear,nacho,0.11095744371414185
footwear,footrest,0.8926454186439514
footwear,scallop,0.11084450781345367
footwear,kneepad,0.9099251627922058
footwear,scallion,0.11065417528152466
footwear,insole,0.9205006957054138
footwear,mitten,0.856890082359314
footwear,spring roll,0.11136309802532196
footwear,shorts,0.8170526027679443
footwear,broccoli,0.1113089993596077
footwear,tostada,0.11088827252388
fastener,mulberry,0.11107310652732849
fastener,nutcracker,0.6960816979408264
fastener,pocketknife,0.7140386700630188
fastener,wrench,0.7111850380897522
fastener,weasel,0.11189586669206619
fastener,artichoke,0.1114252358675003
fastener,crab,0.11165403574705124
fastener,banana,0.11233139038085938
fastener,orangutan,0.1117776557803154
fastener,corkscrew,0.6931751370429993
fastener,tweezers,0.7298715114593506
fastener,file,0.6948662996292114
fastener,staple gun,0.6988151669502258
fastener,coil,0.7092896699905396
fastener,lemon,0.11121118813753128
fastener,nail clippers,0.7041363716125488
fastener,fruitcake,0.11227356642484665
fastener,brownie,0.11095861345529556
fastener,piglet,0.11040696501731873
fastener,hotdog,0.11042129248380661
fastener,scissors,0.7205213904380798
fastener,ratchet,0.7080269455909729
fastener,pedal,0.698826789855957
fastener,mashed potato,0.11203078180551529
fastener,hammer,0.7096964716911316
fastener,chisel,0.6905255913734436
fastener,guacamole,0.11117155104875565
fastener,earring,0.7219040989875793
fastener,seahorse,0.11166613548994064
fastener,rat,0.11145283281803131
fastener,needle,0.7516481876373291
office supply,tweezers,0.6899046301841736
office supply,coleslaw,0.1042536050081253
office supply,taco,0.1052347794175148
office supply,mongoose,0.10631655901670456
office supply,guinea pig,0.10426371544599533
office supply,rack,0.708621621131897
office supply,book,0.7075647115707397
office supply,letter opener,0.7183622717857361
office supply,printer,0.6964966058731079
office supply,eyeliner,0.7686080932617188
office supply,needle,0.6871773600578308
office supply,nail file,0.7004284858703613
office supply,lettuce,0.1056671142578125
office supply,mint,0.10459364205598831
office supply,marker,0.746463418006897
office supply,alpaca,0.10596156865358353
office supply,wolf,0.10636245459318161
office supply,ruler,0.7435746192932129
office supply,goat,0.10438911616802216
office supply,llama,0.106321319937706
office supply,brussels sprouts,0.105626180768013
office supply,gyro,0.10617784410715103
office supply,quill,0.6758886575698853
office supply,paintbrush,0.7190369963645935
drink,water bottle,0.9221604466438293
drink,sauce,0.8837462067604065
drink,chain,0.11725829541683197
drink,rifle,0.11646351218223572
drink,sawhorse,0.11807144433259964
drink,wineglass,0.9411118030548096
drink,parfait,0.9030188322067261
drink,pug,0.11682061105966568
drink,iguana,0.11663621664047241
drink,honey,0.8799307942390442
drink,glass,0.9031528830528259
drink,syrup,0.9185012578964233
drink,gazelle,0.11863677948713303
drink,whip,0.11787281930446625
drink,otter,0.11877818405628204
drink,marmalade,0.9371752142906189
drink,pitcher,0.8774152398109436
drink,chihuahua,0.11641488969326019
drink,blender,0.9135478734970093
water vehicle,calzone,0.09973614662885666
water vehicle,camper,0.8518275618553162
water vehicle,cookie,0.1006443202495575
water vehicle,helicopter,0.8678936958312988
water vehicle,pomegranate,0.10061720013618469
water vehicle,kiwi,0.10041442513465881
water vehicle,snowplow,0.8426011800765991
water vehicle,cashew,0.0998946875333786
water vehicle,quad,0.863318920135498
water vehicle,peanut butter,0.10023406147956848
water vehicle,train,0.8358832597732544
water vehicle,airplane,0.8848609924316406
water vehicle,jeep,0.83625727891922
water vehicle,golf cart,0.8461418747901917
water vehicle,meat,0.10082518309354782
water vehicle,baklava,0.10051635652780533
water vehicle,snowmobile,0.8467293381690979
water vehicle,jet,0.8524495363235474
water vehicle,papaya,0.10047700256109238
auto part,artichoke,0.09489312767982483
auto part,golf cart,0.7980794310569763
auto part,camper,0.8005743026733398
auto part,pecan,0.09543284773826599
auto part,quad,0.8182908892631531
auto part,train,0.8293439745903015
auto part,meatball,0.09542938321828842
auto part,tank,0.7894061207771301
auto part,cabbage,0.09418432414531708
auto part,kiwi,0.0941213071346283
auto part,station wagon,0.7856892347335815
auto part,bus,0.8258302807807922
auto part,tiramisu,0.09502949565649033
auto part,granola,0.09368151426315308
auto part,jeep,0.8298077583312988
auto part,van,0.7969568371772766
auto part,trolley,0.7980812788009644
auto part,celery,0.09510525315999985
auto part,peach,0.09394368529319763
auto part,piglet,0.09399817883968353
auto part,roadsweeper,0.8063593506813049
auto part,truck,0.8036952018737793
auto part,watermelon,0.09379725903272629
auto part,hearse,0.7903119921684265
auto part,fruitcake,0.09449195116758347
auto part,bear,0.09552226215600967
auto part,humvee,0.7963887453079224
auto part,quesadilla,0.09488273411989212
auto part,motorcycle,0.8060775399208069
auto part,potpie,0.09478188306093216
protective clothing,undershirt,0.8011801242828369
protective clothing,lasagna,0.11531742662191391
protective clothing,grain,0.11597660183906555
protective clothing,hummus,0.11592191457748413
protective clothing,papaya,0.11573327332735062
protective clothing,cashew,0.1155855655670166
protective clothing,jumpsuit,0.8293973803520203
protective clothing,vest,0.7896260619163513
protective clothing,jeans,0.7893537282943726
protective clothing,yolk,0.11540459096431732
protective clothing,sweatsuit,0.7925307750701904
protective clothing,hoodie,0.797369658946991
protective clothing,sprouts,0.11617495864629745
protective clothing,jacket,0.8276277780532837
protective clothing,gyro,0.11542487889528275
protective clothing,leggings,0.7943243384361267
bird,television,0.0873611718416214
bird,wasp,0.9189439415931702
bird,donkey,0.8756448030471802
bird,raccoon,0.8786028623580933
bird,zipper,0.08693069219589233
bird,icepick,0.086726114153862
bird,mixer,0.08665333688259125
bird,lightning bug,0.8995863199234009
bird,cd player,0.08648619055747986
bird,possum,0.8758696913719177
bird,rabbit,0.887296199798584
bird,butterfly,0.9226613640785217
bird,latch,0.08755823969841003
bird,fly,0.8774482607841492
bird,chipmunk,0.8806976079940796
bird,ladle,0.08654817938804626
bird,lock,0.08738244324922562
bird,skunk,0.8736343383789062
bird,nail file,0.0871410071849823
bird,warthog,0.8760899305343628
bird,headrest,0.08596522361040115
bird,rat,0.8796690106391907
bird,drill,0.08603455871343613
bird,bee,0.9271711111068726
bird,light switch,0.08679161220788956
bird,coaster,0.08636549860239029
bird,gazelle,0.8734995126724243
bird,cabinet,0.08523178100585938
game,patch,0.8737532496452332
game,thumbtack,0.8495833873748779
game,arugula,0.12248015403747559
game,chihuahua,0.12069377303123474
game,koala,0.12121862918138504
game,highlighter,0.8598496317863464
game,makeup,0.8443187475204468
game,aardvark,0.12201415747404099
game,yak,0.12097108364105225
game,crayon,0.845096230506897
game,owl,0.12103483825922012
game,lego,0.910961925983429
game,bison,0.12085791677236557
game,noisemaker,0.8590751886367798
game,pickle,0.1215292289853096
game,marker,0.868545651435852
game,chicken,0.12122585624456406
game,album,0.8409847021102905
game,chalk,0.861726701259613
sea animal,pelican,0.8184581398963928
sea animal,tadpole,0.8633723855018616
sea animal,washing machine,0.10584810376167297
sea animal,frog,0.8113834261894226
sea animal,duckling,0.7997814416885376
sea animal,scorpion,0.811245858669281
sea animal,accordion,0.1056813895702362
sea animal,slug,0.7979667782783508
sea animal,electric chair,0.10569940507411957
sea animal,toad,0.8134654760360718
sea animal,platypus,0.8462568521499634
sea animal,briefcase,0.10397413372993469
sea animal,pliers,0.10428021103143692
sea animal,tape recorder,0.1058535948395729
sea animal,inkwell,0.10617280006408691
sea animal,strap,0.1054723709821701
sea animal,goldfish,0.865861713886261
sea animal,crutch,0.10422694683074951
sea animal,fishbowl,0.8403482437133789
sea animal,locker,0.10585515946149826
sea animal,workbench,0.10553877055644989
sea animal,swan,0.8639870882034302
sea animal,alligator,0.8606693744659424
sea animal,screen,0.1042310819029808
sea animal,crayfish,0.8817976117134094
sea animal,remote control,0.10446077585220337
sea animal,duck,0.814932644367218
sea animal,fountain pen,0.10587014257907867
sea animal,computer screen,0.10538213700056076
sea animal,flamingo,0.8240259289741516
dessert,unicycle,0.09456982463598251
dessert,pen,0.09455560892820358
dessert,punch,0.8527868390083313
dessert,rollerblade,0.09565023332834244
dessert,face mask,0.09363140910863876
dessert,enchilada,0.8453776240348816
dessert,peanut butter,0.8812530040740967
dessert,doorknocker,0.09391658008098602
dessert,scissors,0.09564006328582764
dessert,jam,0.8502560257911682
dessert,grenade,0.09302638471126556
dessert,ravioli,0.8463961482048035
dessert,cotton candy,0.8558065295219421
dessert,rearview mirror,0.09323887526988983
dessert,camcorder,0.09460022300481796
dessert,peppermint,0.8692713975906372
dessert,nacho,0.8489395976066589
dessert,briefcase,0.09454081207513809
dessert,taffy,0.8428608775138855
dessert,smoothie,0.8663857579231262
dessert,gumdrop,0.881380021572113
dessert,shovel,0.09475462138652802
dessert,sword,0.09396196156740189
dessert,wafer,0.8546459674835205
dessert,cord,0.09556634724140167
dessert,raspberry,0.8573419451713562
dessert,marshmallow,0.8430781364440918
dessert,screwdriver,0.09466034173965454
dessert,station wagon,0.09333387762308121
dessert,brace,0.09298796206712723
dessert,buffet,0.8424041867256165
dessert,trident,0.09536468237638474
dessert,latte,0.8684988021850586
dessert,berry,0.8629467487335205
dessert,boot,0.09451409429311752
dessert,soda,0.8689309358596802
garden tool,hash,0.13025440275669098
garden tool,ham,0.1295589804649353
garden tool,pliers,0.8076820969581604
garden tool,sledgehammer,0.8024616241455078
garden tool,pepperoni,0.12971439957618713
garden tool,hammer,0.8707484602928162
garden tool,toast,0.12874487042427063
garden tool,chisel,0.8297834396362305
garden tool,file,0.7897591590881348
garden tool,lasagna,0.1307452768087387
garden tool,spear,0.8154486417770386
garden tool,taco,0.12924154102802277
garden tool,meatball,0.12985992431640625
garden tool,calzone,0.1305888593196869
garden tool,machete,0.881168782711029
garden tool,screwdriver,0.8148149251937866
garden tool,wire cutters,0.806033194065094
